{
  "general": {
    "doEffectsInCreative": false,
    "waterSubstractFactor": 10
  },
  "handlers": {
    "explosion": {
      "enabled": false,
      "opacity": 0.5,
      "dust": {
        "disabled": true,
        "opacity": 1.0,
        "scale": 1.0,
        "animationSpeed": 0
      },
      "dustDuration": {
        "min": 500,
        "max": 1000
      },
      "dustAmount": {
        "min": 0,
        "minValue": 0,
        "max": 20,
        "maxValue": 30
      },
      "maxExplosionVolume": 1.0,
      "explosionSoundTime": {
        "min": 0,
        "minValue": 50,
        "max": 20,
        "maxValue": 200
      },
      "blur": {
        "disabled": false,
        "opacity": 1.0
      },
      "maxBlur": {
        "min": 0,
        "minValue": 50,
        "max": 10,
        "maxValue": 100
      },
      "explosionBlurTime": {
        "min": 0,
        "minValue": 10,
        "max": 20,
        "maxValue": 20
      }
    },
    "potion": {
      "enabled": false,
      "opacity": 1.0,
      "duration": {
        "min": 30,
        "max": 60
      },
      "potion": {
        "disabled": false,
        "opacity": 1.0,
        "scale": 1.0,
        "animationSpeed": 0
      }
    },
    "sand": {
      "enabled": false,
      "opacity": 1.0,
      "duration": {
        "min": 100,
        "max": 100
      },
      "sprintModifier": 1.5,
      "sand": {
        "disabled": false,
        "opacity": 1.0,
        "scale": 1.0,
        "animationSpeed": 0
      }
    },
    "splash": {
      "enabled": true,
      "opacity": 1.0,
      "duration": {
        "min": 10,
        "max": 10
      },
      "intensity": {
        "min": 5,
        "max": 10
      },
      "blur": {
        "disabled": false,
        "opacity": 1.0
      }
    },
    "damage": {
      "enabled": false,
      "opacity": 0.5,
      "bloodDuration": {
        "min": 0,
        "max": 0
      },
      "fireSplashes": 1,
      "fireDuration": {
        "min": 100,
        "max": 1000
      },
      "drownSplashes": 4,
      "drownDuration": {
        "min": 10,
        "max": 15
      }
    },
    "slender": {
      "enabled": false,
      "opacity": 1.0,
      "defaultIntensity": 0,
      "maxIntensity": 0.3,
      "distanceFactor": 0.25,
      "slender": {
        "disabled": false,
        "opacity": 1.0,
        "scale": 1.0,
        "animationSpeed": 50
      }
    },
    "saturation": {
      "enabled": false,
      "opacity": 0.5,
      "fadeFactor": 0.0005,
      "saturation": {
        "min": 2,
        "minValue": 0,
        "max": 8,
        "maxValue": 1
      },
      "desaturate": {
        "disabled": false,
        "opacity": 1.0
      }
    },
    "heartbeat": {
      "enabled": true,
      "opacity": 1.0,
      "useHealthPercentage": false,
      "maxHealth": 5,
      "maxHealthPercentage": 0.3,
      "heartbeatIntensity": 50.0,
      "heartbeatDuration": 5,
      "minHeartbeatLength": 15,
      "heartbeatTimeFactor": 100.0,
      "heartbeatVolume": 1.0,
      "lowhealth": {
        "disabled": false,
        "opacity": 1.0,
        "scale": 1.0,
        "animationSpeed": 0
      },
      "blur": {
        "disabled": false,
        "opacity": 1.0
      }
    },
    "thirst": {
      "enabled": true,
      "opacity": 1.0,
      "defaultIntensity": 0,
      "maxIntensity": 5,
      "fadeFactor": 0.05000000074505806,
      "thirstLevel": {
        "min": 2,
        "max": 8
      },
      "focus": {
        "disabled": false,
        "opacity": 1.0
      }
    },
    "temperature": {
      "enabled": true,
      "opacity": 1.0,
      "defaultIntensity": 0,
      "mediumIntensity": 0.2,
      "maxIntensity": 0.3,
      "fadeFactor": 0.005,
      "freeze": {
        "disabled": false,
        "opacity": 1.0,
        "scale": 1.0,
        "animationSpeed": 0
      },
      "heat": {
        "disabled": false,
        "opacity": 1.0,
        "scale": 1.0,
        "animationSpeed": 0
      },
      "coldestTemperature": 33,
      "hypotheremiaTemperature": 35,
      "coldTemperature": 36,
      "defaultTemperature": 37,
      "warmTemperature": 38,
      "hyperthermiaTemperature": 39,
      "hottestTemperature": 41
    }
  }
}