[
    {
        "mob": "dannys_expansion:ice_elemental",
        "item": "survive:ice_cube",
        "itemcount": "1-3/2-4/3-5"
    },
    {
        "mob": "dannys_expansion:ice_elemental",
        "random": 0.25,
        "item": "minecraft:ender_eye"
    },
    {
        "mob": "dannys_expansion:ice_elemental",
        "random": 0.05,
        "item": "druidcraft:moonstone",
        "count": "1-1/1-2/1-3/2-3"
    },
    {
        "mob": "dannys_expansion:magma_gulper",
        "item": "minecraft:magma_block",
        "itemcount": "0-2/0-3/1-3/1-4"
    },
    {
        "mob": "dannys_expansion:magma_gulper",
        "random": 0.25,
        "item": "elementalcraft:fire_shard",
        "itemcount": "1-2/1-3/2-3"
    },
    {
        "mob": "infernalexp:voline",
        "random": 0.1,
        "item": "elementalcraft:fire_shard",
        "itemcount": "1/1-2/1-3"
    },
    {
        "mob": "infernalexp:embody",
        "item": "minecraft:soul_sand",
        "itemcount": "0-1/0-2"
    },
    {
        "mob": "minecraft:creeper",
        "item": "minecraft:wheat_seeds",
        "itemcount": "0-1,0-2,0-3"
    },
    {
        "remove": "scalinghealth:power_crystal"
    },
    {
        "mob": "savageandravage:creepie",
        "remove": "scalinghealth:heart_crystal"
    },
    {
        "remove": "scalinghealth:power_crystal_shard"
    },
    {
        "mob": "lava_monster:lava_monster",
        "item": "elementalcraft:fire_shard",
        "itemcount": "0-2/0-3/1-4"
    },
    {
        "mob": "lava_monster:lava_monster",
        "random": 0.10,
        "item": "elementalcraft:powerful_fire_shard",
        "itemcount": "1/1-2/2"
    },
    {
        "mob": "snowpig:snow_pig",
        "remove": "snowpig:frozen_porkchop"
    },
    {
        "mob": "snowpig:snow_pig",
        "item": "snowpig:frozen_porkchop",
        "count": "1-1,1-1,1-2"
    }
]