[
    {
        "dimension": "minecraft:overworld",
        "mob": "minecraft:cow",
        "result": "deny"
    },
    {
        "dimension": "minecraft:overworld",
        "mob": "minecraft:dolphin",
        "result": "deny"
    },
    {
        "dimension": "minecraft:overworld",
        "mob": "minecraft:chicken",
        "result": "deny"
    },
    {
        "dimension": "minecraft:overworld",
        "mob": "minecraft:villager",
        "result": "deny"
    },
    {
        "dimension": "minecraft:overworld",
        "mob": "minecraft:sheep",
        "result": "deny"
    },
    {
        "dimension": "minecraft:the_end",
        "mob": "minecraft:stray",
        "result": "deny"
    },
    {
        "dimension": "minecraft:the_end",
        "mob": "betterdefaultbiomes:frozen_zombie",
        "result": "deny"
    },
    {
        "dimension": "minecraft:overworld",
        "mob": "minecraft:chicken",
        "result": "deny"
    },
    {
        "dimension": "minecraft:overworld",
        "mob": "frozenup:chilloo",
        "block": "primalwinter:snowy_dirt",
        "result": "allow"
    },
    {
        "dimension": "minecraft:overworld",
        "mob": "snowpig:snow_pig",
        "seesky": false,
        "result": "deny"
    },
    {
        "dimension": "minecraft:overworld",
        "mob": "iceandfire:hippocampus",
        "random": 0.5,
        "result": "deny"
    },
    {
        "mob": "dannys_expansion:ice_elemental",
        "result": "default",
        "damagemultiply": 1.25
    },
    {
        "mob": "minecraft:stray",
        "seesky": "false",
        "result": "deny"
    },
    {
        "mob": "betterdefaultbiomes:frozen_zombie",
        "seesky": "false",
        "result": "deny"
    },
    {
        "mob": "minecraft:stray",
        "seesky": "false",
        "result": "deny"
    },
    {
        "mob": "direbats:direbat",
        "seesky": "true",
        "result": "deny"
    },
    {
        "mob": "eidolon:wraith",
        "seesky": "false",
        "result": "deny"
    },
    {
        "mob": "betterdefaultbiomes:frozen_zombie",
        "result": "default",
        "healthmultiply": 1.5
    },
    {
        "mob": "minecraft:stray",
        "seesky": true,
        "mintime": 1000,
        "maxtime": 13000,
        "random": 0.8,
        "result": "deny"
    },
    {
        "mob": "eidolon:wraith",
        "seesky": true,
        "mintime": 1000,
        "maxtime": 13000,
        "random": 0.8,
        "result": "deny"
    },
    {
        "mob": "betterdefaultbiomes:frozen_zombie",
        "seesky": true,
        "mintime": 1000,
        "maxtime": 13000,
        "random": 0.8,
        "result": "deny"
    },
    {
        "mob": "minecraft:stray",
        "seesky": true,
        "mintime": 1000,
        "maxtime": 13000,
        "mincount": 5,
        "result": "deny"
    },
    {
        "mob": "eidolon:wraith",
        "seesky": true,
        "mintime": 1000,
        "maxtime": 13000,
        "mincount": 5,
        "result": "deny"
    },
    {
        "mob": "betterdefaultbiomes:frozen_zombie",
        "seesky": true,
        "mintime": 1000,
        "maxtime": 13000,
        "mincount": 5,
        "result": "deny"
    },
    {
        "mob": "upgrade_aquatic:thrasher",
        "mincount": 10,
        "result": "deny"
    },
    {
        "mob": "minecraft:stray",
        "result": "default",
        "damagemultiply": 1.5
    },
    {
        "mob": "infernalexp:embody",
        "result": "default",
        "healthmultiply": 2.0
    },
    {
        "mob": "snowpig:snow_pig",
        "seesky": true,
        "mincount": 10,
        "result": "deny"
    }
]