{
  "name": "Miscellaneous Magic",
  "quests": [
    {
      "uuid": "26659673-ea85-4dd1-a859-e27d5ef75f11",
      "name": "Stepping Stones",
      "description": "Waystones are an incredible form of transport, utilizing the teleportation magic of the ender pearl in order to create long ranged personal networks of waystones, which can be teleported between at a moment\u0027s notice.",
      "x": 60,
      "y": 54,
      "icon": {
        "id": "waystones:warp_stone",
        "Count": 1,
        "tag": {
          "Damage": 0
        }
      },
      "tasks": [
        {
          "type": "DETECT",
          "longDescription": "Obtain a waystone, either by crafting it or by finding one in the world.",
          "items": [
            {
              "item": {
                "id": "waystones:waystone",
                "Count": 1
              },
              "precision": "TAG_FUZZY"
            }
          ]
        }
      ],
      "prerequisites": [
        "49d1a7d7-d0fc-453a-8d84-7c23042a6ef4"
      ],
      "optionlinks": [],
      "reward": [
        {
          "id": "waystones:warp_stone",
          "Count": 1,
          "tag": {
            "Damage": 0
          }
        }
      ],
      "rewardchoice": [],
      "commandrewards": []
    },
    {
      "uuid": "e3f7bccb-6ad5-411d-b941-3bfc6d42d1ab",
      "name": "Breakthrough!",
      "description": "The rumors were true. Amber really is able to bring things back from the dead...\n\nWrapping some string around a Fel Pumpkin and imbuing the resulting cocoon with amber creates a magical thing called a Cocoon of Caprice... a cocoon that can hatch into one of the many species of animals that were wiped out by the Permafrost.",
      "x": 135,
      "y": 148,
      "icon": {
        "id": "botania:cocoon",
        "Count": 1
      },
      "trigger": "ANTI_TRIGGER",
      "tasks": [
        {
          "type": "CRAFT",
          "longDescription": "Use your newfound knowledge of the properties of amber to create a Cocoon of Caprice.",
          "items": [
            {
              "item": {
                "id": "botania:cocoon",
                "Count": 1
              }
            }
          ]
        }
      ],
      "prerequisites": [
        "6d30ea04-6c93-424d-a097-3baaaafafb11"
      ],
      "optionlinks": [],
      "reward": [
        {
          "id": "druidcraft:amber_block",
          "Count": 1
        },
        {
          "id": "minecraft:emerald",
          "Count": 2
        }
      ],
      "rewardchoice": [],
      "commandrewards": []
    },
    {
      "uuid": "1ba5ac1a-5b0d-40b1-93bc-51915231a93e",
      "name": "A Stellar Stone",
      "description": "Stellarite. The most durable material known to man. Individual pieces of stellarite literally NEVER break. Stellarite ore is so hard to mine that it straight up explodes when the rock is destroyed.\n\nStellarite is an incredible material, so valuable that you\u0027ve never seen a piece of it in your life... you\u0027ve only heard the rumors. However... nobody else is around in this frigid wasteland. Maybe, just maybe... you could find a few bits of it deep underground, where it hasn\u0027t already been dug up.",
      "x": 285,
      "y": 122,
      "bigicon": true,
      "icon": {
        "id": "forbidden_arcanus:eternal_stella",
        "Count": 1,
        "tag": {}
      },
      "tasks": [
        {
          "type": "BLOCK_BREAK",
          "longDescription": "Mine a stella arcanum, and recover the valuable piece of stellarite within.",
          "blocks": [
            {
              "item": {
                "id": "forbidden_arcanus:stella_arcanum",
                "Count": 1
              }
            }
          ]
        },
        {
          "type": "CRAFT",
          "longDescription": "Craft that stellarite with xpetrified orbs to create an Eternal Stella, an item so durable that it can make a tool completely indestructible when combined with it in a smithing table... or fully repair everything in your inventory up to three times before breaking.",
          "items": [
            {
              "item": {
                "id": "forbidden_arcanus:eternal_stella",
                "Count": 1,
                "tag": {}
              }
            }
          ]
        }
      ],
      "prerequisites": [
        "f171a87e-ba72-41ad-b9b1-bae94916ac7c",
        "22261c70-95f2-4c48-a0cf-dc9b4eda78c1",
        "d55e6c2b-0d73-4f96-b4f7-6fbdf3484831"
      ],
      "optionlinks": [],
      "reward": [
        {
          "id": "forbidden_arcanus:stellarite_piece",
          "Count": 1
        }
      ],
      "rewardchoice": [],
      "commandrewards": []
    },
    {
      "uuid": "4316aa79-3138-4705-8c67-942be43f80a3",
      "name": "Mountain Mining",
      "description": "You remember tales of a legendary form of petrified wood called rockroot... found in mountainous stone, these hardy roots could be used to stimulate plant growth to levels impossible by any mundane means.\n\nFrom multiplying logs by infusing a single log with rockroot, to a magical item called the lamp of growth that caused nearby plants to grow at ridiculous speeds, rockroot was a highly sought after material.\n\nNow, after everything has died, it may be even more valuable... Better find somewhere high up to mine.",
      "x": 88,
      "y": 54,
      "icon": {
        "id": "druidcraft:growth_lamp",
        "Count": 1
      },
      "tasks": [
        {
          "type": "BLOCK_BREAK",
          "longDescription": "Mine some rockroot, a precious form of petrified wood found more commonly at high altitudes.",
          "blocks": [
            {
              "item": {
                "id": "druidcraft:rockroot_ore",
                "Count": 1
              }
            }
          ]
        },
        {
          "type": "CRAFT",
          "longDescription": "Using this rockroot, craft a Lamp of Growth, a magical lamp that speeds up the growth-rate of certain nearby plants.",
          "items": [
            {
              "item": {
                "id": "druidcraft:growth_lamp",
                "Count": 1
              }
            }
          ]
        }
      ],
      "prerequisites": [
        "6d30ea04-6c93-424d-a097-3baaaafafb11"
      ],
      "optionlinks": [],
      "reward": [
        {
          "id": "druidcraft:rockroot",
          "Count": 8
        }
      ],
      "rewardchoice": [
        {
          "id": "betterdefaultbiomes:swamp_willow_log",
          "Count": 4
        },
        {
          "id": "betterdefaultbiomes:palm_log",
          "Count": 4
        },
        {
          "id": "upgrade_aquatic:driftwood_log",
          "Count": 4
        },
        {
          "id": "druidcraft:darkwood_log",
          "Count": 4
        }
      ],
      "commandrewards": []
    },
    {
      "uuid": "f171a87e-ba72-41ad-b9b1-bae94916ac7c",
      "name": "Condensed Experience",
      "description": "Memories. Memories give power. Not in the traditional sense... but in the form of experience. As one experiences more things, they tend to collect the residual magic of memories within themselves. These trace bits of magic can be called upon by certain rituals, specifically enchanting, fuelling that magic.\n\nSo... what happens to that magic when someone dies? The answer is... strange. Most of the time, the magic of experience is largely destroyed, only leaving a little bit left... but sometimes, if that bit is left alone for long enough, it can condense into a crystallized form, which can be found deep in the earth.",
      "x": 235,
      "y": 72,
      "icon": {
        "id": "forbidden_arcanus:xpetrified_orb",
        "Count": 1
      },
      "tasks": [
        {
          "type": "DETECT",
          "longDescription": "Get your hands on some xpetrified orbs; orbs of condensed experience that can be cracked open to release the experience lying within.",
          "items": [
            {
              "item": {
                "id": "forbidden_arcanus:xpetrified_orb",
                "Count": 8
              },
              "required": 8
            }
          ]
        }
      ],
      "prerequisites": [
        "a7cb021b-6be9-418f-aa1c-2b625ca60176"
      ],
      "optionlinks": [],
      "reward": [
        {
          "id": "minecraft:experience_bottle",
          "Count": 32
        }
      ],
      "rewardchoice": [],
      "commandrewards": []
    },
    {
      "uuid": "22261c70-95f2-4c48-a0cf-dc9b4eda78c1",
      "name": "Rapid-Fire Regrowth",
      "description": "Seed bullets are funny little things. By combining seeds with arcane powder, one can acquire seed bullets: large seeds that can be chucked at the nearest hard surface to crack them open, revealing a random seed inside.",
      "x": 288,
      "y": 19,
      "icon": {
        "id": "forbidden_arcanus:seed_bullet",
        "Count": 1
      },
      "tasks": [
        {
          "type": "DETECT",
          "longDescription": "Acquire a seed bullet.",
          "items": [
            {
              "item": {
                "id": "forbidden_arcanus:seed_bullet",
                "Count": 1
              }
            }
          ]
        }
      ],
      "prerequisites": [
        "f58458c0-d1d0-4acf-ba38-8c604e274900",
        "a7cb021b-6be9-418f-aa1c-2b625ca60176"
      ],
      "optionlinks": [],
      "reward": [
        {
          "id": "forbidden_arcanus:seed_bullet",
          "Count": 16
        }
      ],
      "rewardchoice": [],
      "commandrewards": []
    },
    {
      "uuid": "b64bb7d7-fffe-470a-ab5c-b14dae9c2206",
      "name": "An Enchanting Experience",
      "description": "Enchanting is a rather simplistic form of magic, one that most people can perform with a very simple setup. However, simplicity does not equate with power. Enchantment, the art of imbuing objects with passive magical effects, is an incredibly powerful art... one that you should start performing as soon as possible, if you are to face the Chilled.",
      "x": 28,
      "y": 124,
      "icon": {
        "id": "minecraft:enchanting_table",
        "Count": 1
      },
      "tasks": [
        {
          "type": "DETECT",
          "longDescription": "Acquire an enchanting table.",
          "items": [
            {
              "item": {
                "id": "minecraft:enchanting_table",
                "Count": 1
              }
            }
          ]
        }
      ],
      "prerequisites": [
        "fcf26f1f-d20c-49b3-8ebe-990d86e2c827"
      ],
      "optionlinks": [],
      "reward": [
        {
          "id": "minecraft:book",
          "Count": 9
        },
        {
          "id": "minecraft:experience_bottle",
          "Count": 9
        }
      ],
      "rewardchoice": [],
      "commandrewards": []
    },
    {
      "uuid": "df55e22c-8068-4600-88dc-1e8882f4e352",
      "name": "Shelving Situation",
      "description": "Your enchanting setup is terrible, at the moment. With the setup that you have, your enchanting table will only give you mediocre enchantments at best... and mediocre doesn\u0027t cut it in the Permafrost.\n\nYou\u0027re gonna need a better setup... and for a better setup, you\u0027ll need bookshelves. ",
      "x": 74,
      "y": 78,
      "icon": {
        "id": "minecraft:book",
        "Count": 1
      },
      "tasks": [
        {
          "type": "BLOCK_PLACE",
          "longDescription": "Place at least 15 bookshelves around an enchanting table to increase its power.",
          "items": [
            {
              "item": {
                "id": "minecraft:bookshelf",
                "Count": 15
              },
              "required": 15,
              "precision": "NBT_FUZZY"
            }
          ]
        }
      ],
      "prerequisites": [
        "b64bb7d7-fffe-470a-ab5c-b14dae9c2206"
      ],
      "optionlinks": [],
      "reward": [
        {
          "id": "minecraft:book",
          "Count": 32
        }
      ],
      "rewardchoice": [],
      "commandrewards": []
    },
    {
      "uuid": "d55e6c2b-0d73-4f96-b4f7-6fbdf3484831",
      "name": "Arcane Crystals",
      "description": "Arcane crystals, to put it simply, are a rather bland form of magic. These little crystals are primarily used in the construction of mundane magical items. They\u0027re powerful... but not much else.\n\nThere is one rather interesting use, though.",
      "x": 182,
      "y": 125,
      "icon": {
        "id": "forbidden_arcanus:arcane_crystal",
        "Count": 1
      },
      "tasks": [
        {
          "type": "DETECT",
          "longDescription": "Acquire four arcane crystals.",
          "items": [
            {
              "item": {
                "id": "forbidden_arcanus:arcane_crystal",
                "Count": 4
              },
              "required": 4
            }
          ]
        }
      ],
      "prerequisites": [
        "a7cb021b-6be9-418f-aa1c-2b625ca60176"
      ],
      "optionlinks": [],
      "reward": [
        {
          "id": "forbidden_arcanus:mundabitur_dust",
          "Count": 4
        }
      ],
      "rewardchoice": [],
      "commandrewards": []
    },
    {
      "uuid": "93b91e3b-9c9f-4bdb-94ae-c39b9aa07e76",
      "name": "Remote Transportation",
      "description": "Transporting creatures is annoying. That much is obvious. But what if there was a way to make that process easier?\n\nIntroducing the Quantum Catcher, a marvelous device made by combining arcane crystals with a piece of a spawner in a smithing table.\n\nThese nifty little magical machines are able to pick up and store mobs within itself, allowing for easy transport.",
      "x": 182,
      "y": 185,
      "icon": {
        "id": "forbidden_arcanus:spawner_scrap",
        "Count": 1
      },
      "tasks": [
        {
          "type": "DETECT",
          "longDescription": "Assemble a Quantum Catcher.",
          "items": [
            {
              "item": {
                "id": "forbidden_arcanus:quantum_catcher",
                "Count": 1
              }
            }
          ]
        }
      ],
      "prerequisites": [
        "d55e6c2b-0d73-4f96-b4f7-6fbdf3484831"
      ],
      "optionlinks": [],
      "reward": [
        {
          "id": "forbidden_arcanus:quantum_catcher",
          "Count": 1
        }
      ],
      "rewardchoice": [],
      "commandrewards": []
    },
    {
      "uuid": "bc0cfb14-2320-48d7-bb70-a31cd0811dc4",
      "name": "???",
      "description": "What... what is this? Why did this... vision... appear to you? Are you going insane?\n\n You should... you don\u0027t know what you should do.",
      "x": 89,
      "y": 14,
      "icon": {
        "id": "eidolon:codex",
        "Count": 1
      },
      "trigger": "ANTI_TRIGGER",
      "tasks": [
        {
          "type": "CRAFT",
          "longDescription": "Combine a book with some rotten flesh to create the Ars Ecclesia... the guide to...... something?",
          "items": [
            {
              "item": {
                "id": "eidolon:codex",
                "Count": 1
              }
            }
          ]
        }
      ],
      "prerequisites": [
        "b491ccef-a6e4-41c6-a08d-3617e32d0df9"
      ],
      "optionlinks": [],
      "reward": [
        {
          "id": "eidolon:basic_ring",
          "Count": 1
        }
      ],
      "rewardchoice": [
        {
          "id": "eidolon:basic_amulet",
          "Count": 1
        },
        {
          "id": "eidolon:basic_belt",
          "Count": 1
        }
      ],
      "commandrewards": []
    },
    {
      "uuid": "e22c5eb2-439c-49ae-b6f0-59f44585d7ab",
      "name": "Otherworldly Minerals",
      "description": "Moonstone, simply put, isn\u0027t of this world. It\u0027s nothing like other minerals such as diamond and emerald, it spawns at higher altitudes for some reason... and it\u0027s rather cold... much like ice. Strange...\n\nMoonstone, in addition to its magical properties, acts as an alternative to Netherite, being able to upgrade diamond gear at a smithing table through the use of moonstone blocks. Moonstone has higher base stats than netherite, but none of netherite\u0027s additional benefits.",
      "x": 88,
      "y": 148,
      "icon": {
        "id": "druidcraft:moonstone",
        "Count": 1
      },
      "tasks": [
        {
          "type": "DETECT",
          "longDescription": "Collect three moonstone crystals. These otherworldly gems can be used to upgrade diamond gear into moonstone gear, which has higher stats than netherite but no special properties. Moonstone armor, unlike Netherite, actually lowers your temperature instead of raising it.",
          "items": [
            {
              "item": {
                "id": "druidcraft:moonstone",
                "Count": 3
              },
              "required": 3
            }
          ]
        }
      ],
      "prerequisites": [
        "6d30ea04-6c93-424d-a097-3baaaafafb11"
      ],
      "optionlinks": [],
      "reward": [
        {
          "id": "druidcraft:moonstone_block",
          "Count": 1
        }
      ],
      "rewardchoice": [],
      "commandrewards": []
    },
    {
      "uuid": "d86eb662-16bc-4797-a3d5-1fc3850d495a",
      "name": "A Guiding Eye",
      "description": "The Eyes beckon to you... the aura they exude is wholly unnatural... but something tells you that you may be able to recreate something like it on a smaller scale.\n\nYou\u0027ve occasionally seen these strange eyes frozen in the bodies of ice elementals... but you could likely recreate them, and utilize their strange pull to find other things.",
      "x": 26,
      "y": 75,
      "icon": {
        "id": "greater_eye:greater_eye",
        "Count": 1
      },
      "tasks": [
        {
          "type": "DETECT",
          "longDescription": "Obtain an Eye of Ender, either through crafting or from the body of an Ice Elemental.",
          "items": [
            {
              "item": {
                "id": "minecraft:ender_eye",
                "Count": 1
              }
            }
          ]
        },
        {
          "type": "CRAFT",
          "longDescription": "Imbue that Eye of Ender and transform it into a Greater Eye of Ender; an item that can be used to locate a variety of vanilla structures.",
          "items": [
            {
              "item": {
                "id": "greater_eye:greater_eye",
                "Count": 1
              }
            }
          ]
        }
      ],
      "prerequisites": [
        "49d1a7d7-d0fc-453a-8d84-7c23042a6ef4",
        "35ecff97-1c28-4caa-b91b-fb98f883246b"
      ],
      "optionlinks": [],
      "reward": [
        {
          "id": "minecraft:map",
          "Count": 1
        },
        {
          "id": "minecraft:cartography_table",
          "Count": 1
        },
        {
          "id": "minecraft:white_banner",
          "Count": 1
        }
      ],
      "rewardchoice": [
        {
          "id": "minecraft:skull_banner_pattern",
          "Count": 1
        },
        {
          "id": "minecraft:mojang_banner_pattern",
          "Count": 1
        },
        {
          "id": "minecraft:skull_banner_pattern",
          "Count": 1
        },
        {
          "id": "minecraft:flower_banner_pattern",
          "Count": 1
        }
      ],
      "commandrewards": []
    },
    {
      "uuid": "f83f5236-ecff-4a8b-b69f-4ce1565af912",
      "name": "The Toughest Rocks",
      "description": "Obsidian is infamously durable. Taking quite a long time to mine with a pickaxe made of pure diamond, it\u0027s... certainly not a material to be underestimated.\n\nWhat if you could use that? The idea came to you suddenly. A recipe to infuse obsidian with iron to make a smeltable material that retains the toughness of obsidian, used to make armor that\u0027s incredibly good at taking heavy hits.",
      "x": 212,
      "y": 155,
      "icon": {
        "id": "forbidden_arcanus:obsidian_with_iron",
        "Count": 1
      },
      "tasks": [
        {
          "type": "CRAFT",
          "longDescription": "Fuse obsidian and iron together into a somewhat malleable chunk.",
          "items": [
            {
              "item": {
                "id": "forbidden_arcanus:obsidian_with_iron",
                "Count": 1
              }
            }
          ]
        },
        {
          "type": "DETECT",
          "longDescription": "Chuck that hunk of iron-laced obsidian into a furnace to get an obsidian ingot.",
          "items": [
            {
              "item": {
                "id": "forbidden_arcanus:obsidian_ingot",
                "Count": 1
              }
            }
          ]
        },
        {
          "type": "DETECT",
          "longDescription": "Use those obsidian ingots to craft a set of obsidian armor.",
          "items": [
            {
              "item": {
                "id": "forbidden_arcanus:obsidian_helmet",
                "Count": 1,
                "tag": {
                  "Damage": 0
                }
              }
            },
            {
              "item": {
                "id": "forbidden_arcanus:obsidian_shoulder_pads",
                "Count": 1,
                "tag": {
                  "Damage": 0
                }
              }
            },
            {
              "item": {
                "id": "forbidden_arcanus:obsidian_knee_pads",
                "Count": 1,
                "tag": {
                  "Damage": 0
                }
              }
            },
            {
              "item": {
                "id": "forbidden_arcanus:obsidian_boots",
                "Count": 1,
                "tag": {
                  "Damage": 0
                }
              }
            }
          ]
        }
      ],
      "prerequisites": [
        "d55e6c2b-0d73-4f96-b4f7-6fbdf3484831",
        "2d67b65f-6884-43d9-85da-8a101a01a5fe"
      ],
      "optionlinks": [],
      "reward": [
        {
          "id": "artifacts:obsidian_skull",
          "Count": 1
        }
      ],
      "rewardchoice": [],
      "commandrewards": []
    },
    {
      "uuid": "7a73e06d-7e5e-4290-bf7a-8035c4e4aed7",
      "name": "Back to Square One",
      "description": "Grindstones are one of the quintessential components of enchanting. With the ability to not only remove enchantments, but to also completely destroy an enchanted item to inscribe its enchantments into a book, it\u0027s a completely invaluable tool.",
      "x": 28,
      "y": 185,
      "icon": {
        "id": "minecraft:grindstone",
        "Count": 1
      },
      "tasks": [
        {
          "type": "DETECT",
          "longDescription": "Acquire a grindstone.",
          "items": [
            {
              "item": {
                "id": "minecraft:grindstone",
                "Count": 1
              }
            }
          ]
        }
      ],
      "prerequisites": [
        "b64bb7d7-fffe-470a-ab5c-b14dae9c2206"
      ],
      "optionlinks": [],
      "reward": [
        {
          "id": "minecraft:wooden_hoe",
          "Count": 1,
          "tag": {
            "Damage": 0,
            "Enchantments": [
              {
                "lvl": 1,
                "id": "minecraft:mending"
              }
            ]
          }
        }
      ],
      "rewardchoice": [],
      "commandrewards": []
    },
    {
      "uuid": "7a214cc6-c088-4b9b-b3dd-0a8a53adf6a0",
      "name": "Back from the Dead",
      "description": "Another use for amber is found in... well... bringing your companions back to life. If your beloved pet were to die, you could take their collar or feather with you. By infusing various items with gold and amber, you can create incredible items that can bring your pets right back from the dead.",
      "x": 135,
      "y": 185,
      "icon": {
        "id": "petrevive:golden_bone",
        "Count": 1
      },
      "tasks": [
        {
          "type": "CRAFT",
          "items": [
            {
              "item": {
                "id": "petrevive:golden_fish",
                "Count": 1
              }
            },
            {
              "item": {
                "id": "petrevive:golden_bone",
                "Count": 1
              }
            },
            {
              "item": {
                "id": "petrevive:golden_seeds",
                "Count": 1
              }
            }
          ]
        }
      ],
      "prerequisites": [
        "e3f7bccb-6ad5-411d-b941-3bfc6d42d1ab"
      ],
      "optionlinks": [],
      "reward": [],
      "rewardchoice": [
        {
          "id": "minecraft:parrot_spawn_egg",
          "Count": 1
        },
        {
          "id": "minecraft:wolf_spawn_egg",
          "Count": 1
        },
        {
          "id": "minecraft:cat_spawn_egg",
          "Count": 1
        }
      ],
      "commandrewards": []
    },
    {
      "uuid": "b491ccef-a6e4-41c6-a08d-3617e32d0df9",
      "name": "Useless Metal",
      "description": "Lead is completely useless. Why would you ever collect any?\n\n...\n\nThen again, you have this strange gut feeling telling you that you need it.",
      "x": 135,
      "y": 14,
      "icon": {
        "id": "eidolon:lead_ingot",
        "Count": 1
      },
      "tasks": [
        {
          "type": "DETECT",
          "longDescription": "Find a few blocks of lead ore... for some reason.",
          "items": [
            {
              "item": {
                "id": "eidolon:lead_ore",
                "Count": 4
              },
              "required": 4
            }
          ]
        }
      ],
      "prerequisites": [
        "c7b9eb9b-7a77-4b88-9796-031349269a28"
      ],
      "optionlinks": [],
      "reward": [
        {
          "id": "minecraft:iron_block",
          "Count": 2
        }
      ],
      "rewardchoice": [],
      "commandrewards": []
    },
    {
      "uuid": "c7b9eb9b-7a77-4b88-9796-031349269a28",
      "name": "Better than Coal",
      "description": "Deep in the earth lies an extremely combustible material called fiery glass. It makes for an excellent fuel source, even better than coal.",
      "x": 135,
      "y": 54,
      "icon": {
        "id": "druidcraft:fiery_glass",
        "Count": 1
      },
      "tasks": [
        {
          "type": "CONSUME",
          "longDescription": "Turn in sixteen pieces of fiery glass.",
          "items": [
            {
              "item": {
                "id": "druidcraft:fiery_glass",
                "Count": 16
              },
              "required": 16
            }
          ]
        }
      ],
      "prerequisites": [
        "f58458c0-d1d0-4acf-ba38-8c604e274900"
      ],
      "optionlinks": [],
      "reward": [
        {
          "id": "minecraft:iron_ingot",
          "Count": 16
        }
      ],
      "rewardchoice": [],
      "commandrewards": []
    },
    {
      "uuid": "84c1f3db-6e20-4ac2-9321-f9c7c9c1a488",
      "name": "The Anvil",
      "description": "The anvil is a wonderful invention, and yet another invaluable part of enchanting. With the ability to not only repair items, but to directly imbue them with enchantments, an anvil is a must-have for any would-be enchanter.",
      "x": 74,
      "y": 124,
      "icon": {
        "id": "minecraft:anvil",
        "Count": 1
      },
      "tasks": [
        {
          "type": "CRAFT",
          "longDescription": "Craft an Anvil using... a LOT of iron.",
          "items": [
            {
              "item": {
                "id": "minecraft:anvil",
                "Count": 1
              }
            }
          ]
        }
      ],
      "prerequisites": [
        "b64bb7d7-fffe-470a-ab5c-b14dae9c2206"
      ],
      "optionlinks": [],
      "reward": [
        {
          "id": "minecraft:enchanted_book",
          "Count": 1,
          "tag": {
            "StoredEnchantments": [
              {
                "lvl": 3,
                "id": "minecraft:efficiency"
              }
            ]
          }
        }
      ],
      "rewardchoice": [],
      "commandrewards": []
    },
    {
      "uuid": "a7cb021b-6be9-418f-aa1c-2b625ca60176",
      "name": "Secrets in the Woods",
      "description": "Edelwood is magical in a very mundane way... but it\u0027s still rather magical, and still rather nice.\n\nEdelwood logs are found in roofed forests, jutting out of the ground. Nobody has ever seen an edelwood tree, so it\u0027s safe to assume that it simply doesn\u0027t exist, and the wood just mysteriously appears.\n\nYou can collect this Edelwood to turn it into a variety of useful items, such as edelwood buckets, which can hold much more than regular buckets, and edelwood ladders, which are extremely easy to climb.",
      "x": 182,
      "y": 19,
      "icon": {
        "id": "forbidden_arcanus:edelwood_stick",
        "Count": 1
      },
      "tasks": [
        {
          "type": "DETECT",
          "longDescription": "Venture into a roofed forest and find eight edelwood logs.",
          "items": [
            {
              "item": {
                "id": "forbidden_arcanus:edelwood_log",
                "Count": 8
              },
              "required": 8
            }
          ]
        }
      ],
      "prerequisites": [
        "f58458c0-d1d0-4acf-ba38-8c604e274900"
      ],
      "optionlinks": [],
      "reward": [
        {
          "id": "minecraft:jukebox",
          "Count": 1
        }
      ],
      "rewardchoice": [],
      "commandrewards": []
    },
    {
      "uuid": "49d1a7d7-d0fc-453a-8d84-7c23042a6ef4",
      "name": "The Pearl",
      "description": "At this point, the ender pearl has become a staple of magic. It\u0027s THE magical item.\n\n With the magic of the Endermen, one can teleport as far as they can throw it. It\u0027s also a potent source of magical energy, and a major component of certain, more complex forms of magic.",
      "x": 26,
      "y": 20,
      "icon": {
        "id": "minecraft:ender_pearl",
        "Count": 1
      },
      "tasks": [
        {
          "type": "DETECT",
          "longDescription": "Find an Ender Pearl.",
          "items": [
            {
              "item": {
                "id": "minecraft:ender_pearl",
                "Count": 1
              }
            }
          ]
        }
      ],
      "prerequisites": [
        "f58458c0-d1d0-4acf-ba38-8c604e274900"
      ],
      "optionlinks": [],
      "reward": [
        {
          "id": "minecraft:ender_pearl",
          "Count": 3
        }
      ],
      "rewardchoice": [],
      "commandrewards": []
    },
    {
      "uuid": "6d30ea04-6c93-424d-a097-3baaaafafb11",
      "name": "Pretty Rocks",
      "description": "Amber is, er... well, it\u0027s not the most useful material. While it contains trace bits of magic within, nobody really knows how to use it.\n\nYou have heard rumors, though... Rumors of amber being able to bring things back from the dead. Maybe you could experiment with it...",
      "x": 135,
      "y": 101,
      "icon": {
        "id": "druidcraft:amber",
        "Count": 1
      },
      "tasks": [
        {
          "type": "DETECT",
          "longDescription": "Find a piece of amber in the caverns.",
          "items": [
            {
              "item": {
                "id": "druidcraft:amber",
                "Count": 1
              }
            }
          ]
        }
      ],
      "prerequisites": [
        "c7b9eb9b-7a77-4b88-9796-031349269a28"
      ],
      "optionlinks": [],
      "reward": [
        {
          "id": "minecraft:pumpkin",
          "Count": 4
        },
        {
          "id": "minecraft:melon",
          "Count": 4
        }
      ],
      "rewardchoice": [],
      "commandrewards": []
    }
  ],
  "reputationBar": [],
  "description": "The world is full of magic. Even after the storm wiped your people out, the magic that they discovered in the world still remains. You\u0027ll need to make use of it if you wish to get anywhere."
}