{
  "name": "A New Bloom",
  "quests": [
    {
      "uuid": "98340fba-e728-4203-87c1-4dfd824c2c15",
      "name": "Unnamed",
      "description": "Unnamed quest",
      "x": 197,
      "y": 95,
      "icon": {
        "id": "botania:bellethorn",
        "Count": 1
      },
      "prerequisites": [
        "303ec8b1-81ec-452f-a175-0bb5b93a34b3"
      ],
      "optionlinks": [],
      "reward": [],
      "rewardchoice": [],
      "commandrewards": []
    },
    {
      "uuid": "922083e3-f5d1-495a-bc2a-6a8afdd94f74",
      "name": "Unnamed",
      "description": "Unnamed quest",
      "x": 275,
      "y": 184,
      "icon": {
        "id": "botania:fallen_kanade",
        "Count": 1
      },
      "prerequisites": [
        "9071a2ed-5586-4f77-93d5-941606b34cff"
      ],
      "optionlinks": [],
      "reward": [],
      "rewardchoice": [],
      "commandrewards": []
    },
    {
      "uuid": "303ec8b1-81ec-452f-a175-0bb5b93a34b3",
      "name": "Unnamed",
      "description": "Unnamed quest",
      "x": 141,
      "y": 95,
      "icon": {
        "id": "botania:hydroangeas",
        "Count": 1
      },
      "prerequisites": [
        "7529b760-25b6-43c0-a05a-0abbde7b233a"
      ],
      "optionlinks": [],
      "reward": [],
      "rewardchoice": [],
      "commandrewards": []
    },
    {
      "uuid": "2f0c3a00-6730-4891-a388-a4aa5ac5c580",
      "name": "Unnamed",
      "description": "Unnamed quest",
      "x": 273,
      "y": 70,
      "icon": {
        "id": "aiotbotania:elementium_aiot",
        "Count": 1,
        "tag": {
          "Damage": 0
        }
      },
      "prerequisites": [
        "0b7003d4-fc63-434d-b67c-36ea4778950b"
      ],
      "optionlinks": [],
      "reward": [],
      "rewardchoice": [],
      "commandrewards": []
    },
    {
      "uuid": "efe8c514-f1e3-4150-9f74-18bf436dbfe3",
      "name": "Fascinating Fungi",
      "description": "Deep under the frozen surface, there is life. Strange life... but life nonetheless.\n\nAnd, according to the magic of Botany, life can be harnessed.\n\nThose glowing mushrooms... they exude some sort of magic. Sort of like the mystical flowers that used to thrive on the surface. Maybe you should collect a few...",
      "x": 21,
      "y": 98,
      "icon": {
        "id": "botania:pink_mushroom",
        "Count": 1
      },
      "tasks": [
        {
          "type": "DETECT",
          "longDescription": "Collect some shimmering mushrooms; strange fungi that are able to be harnessed to perform botanical magic.",
          "items": [
            {
              "item": {
                "id": "botania:purple_mushroom",
                "Count": 1
              }
            }
          ]
        }
      ],
      "prerequisites": [
        "fcf26f1f-d20c-49b3-8ebe-990d86e2c827"
      ],
      "optionlinks": [],
      "reward": [
        {
          "id": "botania:lexicon",
          "Count": 1
        }
      ],
      "rewardchoice": [],
      "commandrewards": []
    },
    {
      "uuid": "3b4fd94f-ab21-4684-bd1f-a65c0bd3ee3e",
      "name": "The Botany Stick",
      "description": "While Botanical Instruments can be placed into the world without tools, it\u0027s only with a wand of the forest that they can be manipulated.\n\nWith this tool, you\u0027ll be able to set up much more elaborate botanical setups.",
      "x": 87,
      "y": 31,
      "icon": {
        "id": "botania:twig_wand",
        "Count": 1,
        "tag": {
          "color1": 13,
          "color2": 13
        }
      },
      "tasks": [
        {
          "type": "DETECT",
          "longDescription": "Craft a Wand of the Forest; an item that allows you to connect and configure various botanical structures.",
          "items": [
            {
              "item": {
                "id": "botania:twig_wand",
                "Count": 1,
                "tag": {
                  "color1": 13,
                  "color2": 13
                }
              },
              "precision": "NBT_FUZZY"
            }
          ]
        }
      ],
      "prerequisites": [
        "56561ad7-cc8f-4cee-8fa7-74996798ab08"
      ],
      "optionlinks": [],
      "reward": [
        {
          "id": "aiotbotania:livingrock_aiot",
          "Count": 1,
          "tag": {
            "Damage": 0
          }
        }
      ],
      "rewardchoice": [],
      "commandrewards": []
    },
    {
      "uuid": "56561ad7-cc8f-4cee-8fa7-74996798ab08",
      "name": "A Fabricated Flower",
      "description": "If you\u0027re going to get into Botany, you\u0027ll need a Pure Daisy.\n\nUsing this flower, you\u0027ll be able to transform wood and stone into livingwood and livingrock, respectively.",
      "x": 63,
      "y": 55,
      "icon": {
        "id": "botania:pure_daisy",
        "Count": 1
      },
      "tasks": [
        {
          "type": "DETECT",
          "longDescription": "Obtain a Pure Daisy in order to begin creating livingwood and livingrock.",
          "items": [
            {
              "item": {
                "id": "botania:pure_daisy",
                "Count": 1
              }
            }
          ]
        },
        {
          "type": "DETECT",
          "longDescription": "Using the magical properties of the pure daisy, obtain a block of livingwood and a block of livingrock.",
          "items": [
            {
              "item": {
                "id": "botania:livingrock",
                "Count": 1
              }
            },
            {
              "item": {
                "id": "botania:livingwood",
                "Count": 1
              }
            }
          ]
        }
      ],
      "prerequisites": [
        "d30e7d5b-064c-4693-b350-0a349294900e"
      ],
      "optionlinks": [],
      "reward": [
        {
          "id": "botania:pure_daisy",
          "Count": 1
        }
      ],
      "rewardchoice": [
        {
          "id": "botania:purple_mushroom",
          "Count": 8
        },
        {
          "id": "botania:green_mushroom",
          "Count": 8
        },
        {
          "id": "botania:cyan_mushroom",
          "Count": 8
        },
        {
          "id": "botania:black_mushroom",
          "Count": 8
        }
      ],
      "commandrewards": []
    },
    {
      "uuid": "b9fba95c-98a3-4253-989d-e49d09ab442e",
      "name": "Unnamed",
      "description": "Unnamed quest",
      "x": 174,
      "y": 58,
      "bigicon": true,
      "icon": {
        "id": "botania:overgrowth_seed",
        "Count": 1
      },
      "prerequisites": [
        "b0ec574f-18c5-40ab-908a-5b37ed705123"
      ],
      "optionlinks": [],
      "reward": [
        {
          "id": "botania:overgrowth_seed",
          "Count": 1
        }
      ],
      "rewardchoice": [],
      "commandrewards": []
    },
    {
      "uuid": "3377a7c5-d6a9-4941-a96b-280051a023c5",
      "name": "The Elements",
      "description": "Unnamed quest",
      "x": 136,
      "y": 133,
      "icon": {
        "id": "botania:rune_fire",
        "Count": 1
      },
      "tasks": [
        {
          "type": "DETECT",
          "longDescription": "Acquire all four of the basic elemental runes.",
          "items": [
            {
              "item": {
                "id": "botania:rune_water",
                "Count": 1
              }
            },
            {
              "item": {
                "id": "botania:rune_fire",
                "Count": 1
              }
            },
            {
              "item": {
                "id": "botania:rune_earth",
                "Count": 1
              }
            },
            {
              "item": {
                "id": "botania:rune_air",
                "Count": 1
              }
            }
          ]
        }
      ],
      "prerequisites": [
        "4d294881-f551-4e94-9e23-3765d6b8d40e"
      ],
      "optionlinks": [],
      "reward": [
        {
          "id": "botania:mana_pearl",
          "Count": 3
        }
      ],
      "rewardchoice": [],
      "commandrewards": []
    },
    {
      "uuid": "38829a7f-0577-465f-a4ad-837a6624e9b2",
      "name": "Unnamed",
      "description": "Unnamed quest",
      "x": 217,
      "y": 20,
      "icon": {
        "id": "aiotbotania:manasteel_aiot",
        "Count": 1,
        "tag": {
          "Damage": 0
        }
      },
      "prerequisites": [
        "00ffc38c-4099-404a-828f-f64437373f79"
      ],
      "optionlinks": [],
      "reward": [],
      "rewardchoice": [],
      "commandrewards": []
    },
    {
      "uuid": "2cdbc807-7f90-47ed-973b-b47c49098bf8",
      "name": "Mystical Flora",
      "description": "With floral fertilizer, you can finally move past scavenging for mushrooms underground.\n\nMystical Flowers are much easier to use and transport than mystical mushrooms, and they can be produced in abundance.\n\nWhile using the mushrooms themselves worked before, mystical flowers store their magical energy in their petals, allowing for more magical use out of a single flower.",
      "x": 90,
      "y": 160,
      "icon": {
        "id": "botania:pink_mystical_flower",
        "Count": 1
      },
      "tasks": [
        {
          "type": "DETECT",
          "longDescription": "Obtain every color of mystical flower.",
          "items": [
            {
              "item": {
                "id": "botania:light_gray_mystical_flower",
                "Count": 1
              }
            },
            {
              "item": {
                "id": "botania:cyan_mystical_flower",
                "Count": 1
              }
            },
            {
              "item": {
                "id": "botania:purple_mystical_flower",
                "Count": 1
              }
            },
            {
              "item": {
                "id": "botania:blue_mystical_flower",
                "Count": 1
              }
            },
            {
              "item": {
                "id": "botania:brown_mystical_flower",
                "Count": 1
              }
            },
            {
              "item": {
                "id": "botania:green_mystical_flower",
                "Count": 1
              }
            },
            {
              "item": {
                "id": "botania:red_mystical_flower",
                "Count": 1
              }
            },
            {
              "item": {
                "id": "botania:black_mystical_flower",
                "Count": 1
              }
            },
            {
              "item": {
                "id": "botania:white_mystical_flower",
                "Count": 1
              }
            },
            {
              "item": {
                "id": "botania:orange_mystical_flower",
                "Count": 1
              }
            },
            {
              "item": {
                "id": "botania:magenta_mystical_flower",
                "Count": 1
              }
            },
            {
              "item": {
                "id": "botania:light_blue_mystical_flower",
                "Count": 1
              }
            },
            {
              "item": {
                "id": "botania:yellow_mystical_flower",
                "Count": 1
              }
            },
            {
              "item": {
                "id": "botania:lime_mystical_flower",
                "Count": 1
              }
            },
            {
              "item": {
                "id": "botania:pink_mystical_flower",
                "Count": 1
              }
            },
            {
              "item": {
                "id": "botania:gray_mystical_flower",
                "Count": 1
              }
            }
          ]
        }
      ],
      "prerequisites": [
        "c90970e1-140a-4eb7-9e06-4cba30bea1f5"
      ],
      "optionlinks": [],
      "reward": [
        {
          "id": "botania:fertilizer",
          "Count": 16
        }
      ],
      "rewardchoice": [
        {
          "id": "botania:rune_spring",
          "Count": 1
        },
        {
          "id": "botania:rune_summer",
          "Count": 1
        },
        {
          "id": "botania:rune_autumn",
          "Count": 1
        },
        {
          "id": "botania:rune_winter",
          "Count": 1
        }
      ],
      "commandrewards": []
    },
    {
      "uuid": "00f9f4fd-9612-423e-8f01-f204871d086a",
      "name": "Unnamed",
      "description": "Unnamed quest",
      "x": 106,
      "y": 133,
      "icon": {
        "id": "botania:flower_bag",
        "Count": 1
      },
      "prerequisites": [
        "c90970e1-140a-4eb7-9e06-4cba30bea1f5"
      ],
      "optionlinks": [],
      "reward": [],
      "rewardchoice": [],
      "commandrewards": []
    },
    {
      "uuid": "4d294881-f551-4e94-9e23-3765d6b8d40e",
      "name": "Unnamed",
      "description": "Unnamed quest",
      "x": 101,
      "y": 98,
      "icon": {
        "id": "botania:runic_altar",
        "Count": 1
      },
      "prerequisites": [
        "7529b760-25b6-43c0-a05a-0abbde7b233a"
      ],
      "optionlinks": [],
      "reward": [],
      "rewardchoice": [],
      "commandrewards": []
    },
    {
      "uuid": "7529b760-25b6-43c0-a05a-0abbde7b233a",
      "name": "Unnamed",
      "description": "Unnamed quest",
      "x": 101,
      "y": 55,
      "icon": {
        "id": "botania:mana_spreader",
        "Count": 1
      },
      "prerequisites": [
        "56561ad7-cc8f-4cee-8fa7-74996798ab08"
      ],
      "optionlinks": [],
      "reward": [],
      "rewardchoice": [],
      "commandrewards": []
    },
    {
      "uuid": "c90970e1-140a-4eb7-9e06-4cba30bea1f5",
      "name": "Regrowth",
      "description": "Unnamed quest",
      "x": 63,
      "y": 133,
      "icon": {
        "id": "botania:fertilizer",
        "Count": 1
      },
      "prerequisites": [
        "d30e7d5b-064c-4693-b350-0a349294900e"
      ],
      "optionlinks": [],
      "reward": [],
      "rewardchoice": [],
      "commandrewards": []
    },
    {
      "uuid": "9071a2ed-5586-4f77-93d5-941606b34cff",
      "name": "Bejewelled in Jade",
      "description": "This world has been lifeless for so long. Most of the mystical flowers were completely wiped out by the Permafrost... and up until now, you\u0027ve been relying on mushrooms and fertilizer to get anything done.\n\nHowever, that\u0027s all about to change.",
      "x": 230,
      "y": 184,
      "icon": {
        "id": "botania:jaded_amaranthus",
        "Count": 1
      },
      "tasks": [
        {
          "type": "DETECT",
          "longDescription": "Obtain a Jaded Amaranthus; a functional flower that uses mana to grow mystical flowers near itself.",
          "items": [
            {
              "item": {
                "id": "botania:jaded_amaranthus",
                "Count": 1
              }
            }
          ]
        }
      ],
      "prerequisites": [
        "6b913701-9887-4c64-a8aa-157b3865496e"
      ],
      "optionlinks": [],
      "reward": [
        {
          "id": "botania:aura_ring",
          "Count": 1,
          "tag": {}
        }
      ],
      "rewardchoice": [],
      "commandrewards": []
    },
    {
      "uuid": "489d82a5-7a50-48d5-810e-7bb5970702e3",
      "name": "Unnamed",
      "description": "Unnamed quest",
      "x": 136,
      "y": 176,
      "icon": {
        "id": "botania:rune_mana",
        "Count": 1
      },
      "prerequisites": [
        "3377a7c5-d6a9-4941-a96b-280051a023c5"
      ],
      "optionlinks": [],
      "reward": [],
      "rewardchoice": [],
      "commandrewards": []
    },
    {
      "uuid": "b0ec574f-18c5-40ab-908a-5b37ed705123",
      "name": "Mana Fuelled Metal",
      "description": "Unnamed quest",
      "x": 136,
      "y": 20,
      "icon": {
        "id": "botania:manasteel_ingot",
        "Count": 1
      },
      "tasks": [
        {
          "type": "DETECT",
          "items": []
        }
      ],
      "prerequisites": [
        "7529b760-25b6-43c0-a05a-0abbde7b233a"
      ],
      "optionlinks": [],
      "reward": [],
      "rewardchoice": [],
      "commandrewards": []
    },
    {
      "uuid": "88ed5ed4-d9a4-4b9d-903d-1fdf04a10e20",
      "name": "The Sins",
      "description": "Unnamed quest",
      "x": 215,
      "y": 133,
      "icon": {
        "id": "botania:rune_wrath",
        "Count": 1
      },
      "tasks": [
        {
          "type": "DETECT",
          "longDescription": "Acquire all seven Runes of Sin: The most advanced set of runes there is.",
          "items": [
            {
              "item": {
                "id": "botania:rune_lust",
                "Count": 1
              }
            },
            {
              "item": {
                "id": "botania:rune_gluttony",
                "Count": 1
              }
            },
            {
              "item": {
                "id": "botania:rune_greed",
                "Count": 1
              }
            },
            {
              "item": {
                "id": "botania:rune_sloth",
                "Count": 1
              }
            },
            {
              "item": {
                "id": "botania:rune_wrath",
                "Count": 1
              }
            },
            {
              "item": {
                "id": "botania:rune_envy",
                "Count": 1
              }
            },
            {
              "item": {
                "id": "botania:rune_pride",
                "Count": 1
              }
            }
          ]
        }
      ],
      "prerequisites": [
        "6b913701-9887-4c64-a8aa-157b3865496e"
      ],
      "optionlinks": [],
      "reward": [
        {
          "id": "botania:terrasteel_ingot",
          "Count": 2
        }
      ],
      "rewardchoice": [],
      "commandrewards": []
    },
    {
      "uuid": "00ffc38c-4099-404a-828f-f64437373f79",
      "name": "Unnamed",
      "description": "Unnamed quest",
      "x": 177,
      "y": 20,
      "icon": {
        "id": "botania:mana_tablet",
        "Count": 1,
        "tag": {
          "mana": 500000,
          "creative": 1
        }
      },
      "prerequisites": [
        "b0ec574f-18c5-40ab-908a-5b37ed705123"
      ],
      "optionlinks": [],
      "reward": [],
      "rewardchoice": [],
      "commandrewards": []
    },
    {
      "uuid": "5e44f42b-d14c-4bc5-90a1-a81e5e9cf4a2",
      "name": "The Will to Live",
      "description": "Unnamed quest",
      "x": 288,
      "y": 92,
      "bigicon": true,
      "icon": {
        "id": "botania:gaia_head",
        "Count": 1
      },
      "prerequisites": [
        "0b7003d4-fc63-434d-b67c-36ea4778950b"
      ],
      "optionlinks": [],
      "reward": [],
      "rewardchoice": [],
      "commandrewards": []
    },
    {
      "uuid": "6b913701-9887-4c64-a8aa-157b3865496e",
      "name": "The Seasons",
      "description": "Unnamed quest",
      "x": 179,
      "y": 133,
      "icon": {
        "id": "botania:rune_spring",
        "Count": 1
      },
      "tasks": [
        {
          "type": "DETECT",
          "longDescription": "Acquire all four of the Seasonal Runes, which are much more advanced than the elemental set.",
          "items": [
            {
              "item": {
                "id": "botania:rune_winter",
                "Count": 1
              }
            },
            {
              "item": {
                "id": "botania:rune_spring",
                "Count": 1
              }
            },
            {
              "item": {
                "id": "botania:rune_summer",
                "Count": 1
              }
            },
            {
              "item": {
                "id": "botania:rune_autumn",
                "Count": 1
              }
            }
          ]
        }
      ],
      "prerequisites": [
        "3377a7c5-d6a9-4941-a96b-280051a023c5"
      ],
      "optionlinks": [],
      "reward": [
        {
          "id": "botania:manasteel_ingot",
          "Count": 24
        },
        {
          "id": "botania:manastar",
          "Count": 1
        }
      ],
      "rewardchoice": [],
      "commandrewards": []
    },
    {
      "uuid": "439c7e31-354f-46ba-9ed2-6aa3a2b53075",
      "name": "Unnamed",
      "description": "Unnamed quest",
      "x": 217,
      "y": 61,
      "icon": {
        "id": "botania:horn_snow",
        "Count": 1
      },
      "prerequisites": [
        "b9fba95c-98a3-4253-989d-e49d09ab442e"
      ],
      "optionlinks": [],
      "reward": [],
      "rewardchoice": [],
      "commandrewards": []
    },
    {
      "uuid": "5cfba1eb-d51a-498c-8d8c-1734f6661f35",
      "name": "Unnamed",
      "description": "Unnamed quest",
      "x": 273,
      "y": 27,
      "icon": {
        "id": "botania:terrasteel_helmet",
        "Count": 1,
        "tag": {
          "Damage": 0
        }
      },
      "prerequisites": [
        "d74b9966-3c7e-4d01-9074-aaa4eb20bf59"
      ],
      "optionlinks": [],
      "reward": [],
      "rewardchoice": [],
      "commandrewards": []
    },
    {
      "uuid": "0b7003d4-fc63-434d-b67c-36ea4778950b",
      "name": "Unnamed",
      "description": "Unnamed quest",
      "x": 248,
      "y": 95,
      "icon": {
        "id": "botania:dragonstone",
        "Count": 1
      },
      "prerequisites": [
        "d74b9966-3c7e-4d01-9074-aaa4eb20bf59"
      ],
      "optionlinks": [],
      "reward": [],
      "rewardchoice": [],
      "commandrewards": []
    },
    {
      "uuid": "e4ac81d3-b9ac-4bc4-a5db-78a9f821526b",
      "name": "Unnamed",
      "description": "Unnamed quest",
      "x": 273,
      "y": 120,
      "icon": {
        "id": "botania:heisei_dream",
        "Count": 1
      },
      "prerequisites": [
        "0b7003d4-fc63-434d-b67c-36ea4778950b"
      ],
      "optionlinks": [],
      "reward": [],
      "rewardchoice": [],
      "commandrewards": []
    },
    {
      "uuid": "d30e7d5b-064c-4693-b350-0a349294900e",
      "name": "Apothecary Magic",
      "description": "The first step of any would-be botanist\u0027s journey is a simple one. Crafting a Petal Apothecary. This botanical apparatus harnesses the magic in natural objects, using it to create, well... flowers. Magical flowers. These flowers are the heart and soul of botanical magic.\n\nMaybe, with their power... you\u0027ll be able to fight back against the storm.",
      "x": 63,
      "y": 98,
      "icon": {
        "id": "botania:apothecary_default",
        "Count": 1
      },
      "tasks": [
        {
          "type": "DETECT",
          "longDescription": "Craft a Petal Apothecary.",
          "items": [
            {
              "item": {
                "id": "botania:apothecary_default",
                "Count": 1
              }
            }
          ]
        }
      ],
      "prerequisites": [
        "efe8c514-f1e3-4150-9f74-18bf436dbfe3"
      ],
      "optionlinks": [],
      "reward": [
        {
          "id": "botania:white_mushroom",
          "Count": 2
        },
        {
          "id": "botania:red_mushroom",
          "Count": 8
        },
        {
          "id": "botania:blue_mushroom",
          "Count": 8
        }
      ],
      "rewardchoice": [],
      "commandrewards": []
    },
    {
      "uuid": "d74b9966-3c7e-4d01-9074-aaa4eb20bf59",
      "name": "Unnamed",
      "description": "Unnamed quest",
      "x": 248,
      "y": 51,
      "icon": {
        "id": "botania:terrasteel_ingot",
        "Count": 1
      },
      "trigger": "ANTI_TRIGGER",
      "prerequisites": [
        "38829a7f-0577-465f-a4ad-837a6624e9b2"
      ],
      "optionlinks": [],
      "reward": [],
      "rewardchoice": [],
      "commandrewards": []
    }
  ],
  "reputationBar": [],
  "description": "Most plant life in this world has been wiped out by the Permafrost. There\u0027s very little left to work with...\n\nBut the druidic art of Botany doesn\u0027t care. Nature never dies.\n\nBotania is a self-fulfilling form of magic, with botanical magic giving birth to more botanical magic, in an endless cycle of regrowth. Botanical magic emphasizes nature\u0027s ability to bounce back from even the greatest disaster. Maybe, a brave enough botanist could replicate this new bloom on a wider scale."
}