{
  "name": "Embrace the Ice",
  "quests": [
    {
      "uuid": "a6a5e67a-61dc-4319-9446-ecb33ed5d9ea",
      "name": "Unnamed",
      "description": "Unnamed quest",
      "x": 22,
      "y": 61,
      "icon": {
        "id": "botania:ice_pendant",
        "Count": 1
      },
      "prerequisites": [
        "ac381ceb-3365-44b6-831a-365808ba06c9"
      ],
      "optionlinks": [],
      "reward": [],
      "rewardchoice": [],
      "commandrewards": []
    },
    {
      "uuid": "ac381ceb-3365-44b6-831a-365808ba06c9",
      "name": "Unnamed",
      "description": "Unnamed quest",
      "x": 79,
      "y": 96,
      "prerequisites": [
        "af84ddb2-f2e4-4753-b9a7-4419f122ef9b"
      ],
      "optionlinks": [],
      "reward": [],
      "rewardchoice": [],
      "commandrewards": []
    },
    {
      "uuid": "d39d484d-0a05-4af3-b506-4704caa38e74",
      "name": "Unnamed",
      "description": "Unnamed quest",
      "x": 79,
      "y": 24,
      "icon": {
        "id": "forbidden_arcanus:quantum_catcher",
        "Count": 1
      },
      "prerequisites": [
        "ac381ceb-3365-44b6-831a-365808ba06c9"
      ],
      "optionlinks": [],
      "reward": [],
      "rewardchoice": [],
      "commandrewards": []
    },
    {
      "uuid": "f0e72416-b698-499b-824b-f12a1cdf1bc9",
      "name": "Unnamed",
      "description": "Unnamed quest",
      "x": 137,
      "y": 134,
      "prerequisites": [
        "ac381ceb-3365-44b6-831a-365808ba06c9"
      ],
      "optionlinks": [],
      "reward": [],
      "rewardchoice": [],
      "commandrewards": []
    },
    {
      "uuid": "c396747a-ab13-4966-9704-c227e2adbbfe",
      "name": "Unnamed",
      "description": "Unnamed quest",
      "x": 79,
      "y": 166,
      "prerequisites": [
        "ac381ceb-3365-44b6-831a-365808ba06c9"
      ],
      "optionlinks": [],
      "reward": [],
      "rewardchoice": [],
      "commandrewards": []
    },
    {
      "uuid": "0c3e7374-b518-4aa0-989f-a755fe164cd4",
      "name": "Unnamed",
      "description": "Unnamed quest",
      "x": 137,
      "y": 60,
      "prerequisites": [
        "ac381ceb-3365-44b6-831a-365808ba06c9"
      ],
      "optionlinks": [],
      "reward": [],
      "rewardchoice": [],
      "commandrewards": []
    },
    {
      "uuid": "cd3e9d69-68ce-42bc-94a6-d49e7b052a03",
      "name": "Unnamed",
      "description": "Unnamed quest",
      "x": 22,
      "y": 131,
      "prerequisites": [
        "ac381ceb-3365-44b6-831a-365808ba06c9"
      ],
      "optionlinks": [],
      "reward": [],
      "rewardchoice": [],
      "commandrewards": []
    }
  ],
  "reputationBar": [],
  "description": "The Cold Eye beckoned to you, when you found it. It offered you knowledge, power, survival. All you had to do, was embrace the Permafrost just a little bit, and learn how to use its frigid winds to your advantage."
}