{
  "name": "The Freezing Goddess",
  "quests": [
    {
      "uuid": "f08b6e76-bc67-4e0a-a0dd-247b002687b7",
      "name": "An Effigy",
      "description": "\"Hey! Can you hear me? Am I getting through to you?\n\n...\n\nFinally! You have NO idea how long I was trying to contact you. It took me... a while.\n\nI\u0027m gonna try and keep this nice and short, for you. Basically, I\u0027m a goddess. Not one of those prissy light goddesses, though. Moreso... er... a dark god, I suppose. I don\u0027t like the connotations of that, but whatever.\n\n...Right. Back on topic. I\u0027m, uh, kinda sorta freezing to death. I rely on worship to sustain myself... and, well, with most of the people down there being dead... I\u0027ve been seriously starved of worship. So, uh, I wanna make a deal with you. Mutually beneficial. Basically... I can help you survive, in exchange for some worship. Just, like... enough worship to keep me alive. Sound good? Good.\"",
      "x": 74,
      "y": 15,
      "icon": {
        "id": "eidolon:straw_effigy",
        "Count": 1
      },
      "tasks": [
        {
          "type": "BLOCK_PLACE",
          "longDescription": "\"Alrighty, first thing\u0027s first, I\u0027m gonna need an altar. Just make six altar blocks and slap a straw effigy on top, that should work. Probably.\"",
          "items": [
            {
              "item": {
                "id": "eidolon:wooden_altar",
                "Count": 6
              },
              "required": 6
            },
            {
              "item": {
                "id": "eidolon:straw_effigy",
                "Count": 1
              }
            }
          ]
        }
      ],
      "prerequisites": [
        "bc0cfb14-2320-48d7-bb70-a31cd0811dc4"
      ],
      "optionlinks": [],
      "reward": [
        {
          "id": "minecraft:lantern",
          "Count": 1
        },
        {
          "id": "minecraft:skeleton_skull",
          "Count": 1
        }
      ],
      "rewardchoice": [],
      "commandrewards": []
    }
  ],
  "reputationBar": [],
  "description": "When you made that book... you heard a voice. You could only barely make it out... but it was offering something. A deal, of sorts."
}